Id,Label,timeset,Lat,Long,Parish,Population
Above Rocks,Above Rocks,,18.1089,-76.8772,Saint Catherine,3263.0
Annotto Bay,Annotto Bay,,18.2703,-76.7706,Saint Mary,5468.0
Bog Walk,Bog Walk,,18.1,-77.02,Saint Catherine,8794.0
Constant Spring,Constant Spring,,18.05,-76.78,Saint Andrew,12369.0
Ewarton,Ewarton,,18.18,-77.08,Saint Catherine,8742.0
Gordon Town,Gordon Town,,18.05,-76.7,Saint Andrew,1049.0
Albert Town,Albert Town,,18.2958,-77.5414,Trelawny,3389.0
Alexandria,Alexandria,,18.2983,-77.3575,Saint Ann,1672.0
Balaclava,Balaclava,,18.1705,-77.6484,Saint Elizabeth,2837.0
Brown's Town,Brown's Town,,18.4,-77.36,Saint Ann,6762.0
Cave Valley,Cave Valley,,18.27,-77.37,Saint Ann,1777.0
Christiana,Christiana,,18.17,-77.49,Manchester,7235.0
Bamboo,Bamboo,,18.3851,-77.2662,Saint Ann,3732.0
Alligator Pond,Alligator Pond,,17.8711,-77.5683,Manchester,1542.0
Bull Savanna,Bull Savanna,,17.88,-77.59,Saint Elizabeth,3163.8
Malvern,Malvern,,17.97,-77.72,Saint Elizabeth,3262.0
Mandeville,Mandeville,,18.05,-77.48,Manchester,39945.0
Nain,Nain,,17.97,-77.6,Saint Elizabeth,2373.0
Porus,Porus,,18.03,-77.42,Manchester,5095.0
Anchovy,Anchovy,,18.4097,-77.9339,Saint James,3633.0
Bethel Town,Bethel Town,,18.3,-77.95,Westmoreland,2768.0
Cambridge,Cambridge,,18.32,-77.89,Saint James,3384.0
Cascade,Cascade,,18.4,-78.1,Hanover,1220.0
Darliston,Darliston,,18.23,-77.97,Westmoreland,1435.0
Maroon Town,Maroon Town,,18.35,-77.79,Saint James,2669.0
Buff Bay,Buff Bay,,18.23,-76.67,Portland,2596.0
Guy's Hill,Guy's Hill,,18.25,-77.0,Saint Mary,3165.0
Coleyville,Coleyville,,18.22,-77.5,Manchester,3320.0
Lacovia,Lacovia,,18.07,-77.75,Saint Elizabeth,3159.0
Claremont,Claremont,,18.38,-77.17,Saint Ann,2154.0
Bath,Bath,,17.95,-76.35,Saint Thomas,2151.0
Dalvey,Dalvey,,17.9,-76.25,Saint Thomas,2742.0
Golden Grove,Golden Grove,,17.93,-76.27,Saint Thomas,2761.0
Manchioneal,Manchioneal,,18.05,-76.28,Portland,2185.0
Moore Town,Moore Town,,18.07,-76.43,Portland,1054.0
Morant Bay,Morant Bay,,17.87,-76.39,Saint Thomas,9602.0
Bluefields,Bluefields,,18.17,-78.03,Westmoreland,2564.0
Black River,Black River,,18.03,-77.86,Saint Elizabeth,3675.0
Brompton,Brompton,,18.06,-77.9,Saint Elizabeth,1457.0
Maggotty,Maggotty,,18.15,-77.77,Saint Elizabeth,1359.0
Croft's Hill,Croft's Hill,,18.13,-77.22,Clarendon,2994.0
Highgate,Highgate,,18.32,-76.87,Saint Mary,5418.0
Chapelton,Chapelton,,18.08,-77.27,Clarendon,3930.0
Frankfield,Frankfield,,18.15,-77.35,Clarendon,2865.0
Hayes,Hayes,,17.88,-77.25,Clarendon,8447.0
Clark's Town,Clark's Town,,18.42,-77.57,Trelawny,3139.0
Discovery Bay (Dry Harbour),Discovery Bay (Dry Harbour),,18.47,-77.39,Saint Ann,2230.0
Duncans,Duncans,,18.47,-77.53,Trelawny,1849.0
Easington,Easington,,17.92,-76.6,Saint Thomas,2378.0
Kingston,Kingston,,17.9833,-76.8,Kingston,587798.0
Mavis Bank,Mavis Bank,,18.02,-76.67,Saint Andrew,1756.0
Falmouth,Falmouth,,18.49,-77.66,Trelawny,7245.0
Rio Bueno,Rio Bueno,,18.57,-77.45,Trelawny,1108.0
Frome,Frome,,18.3,-78.15,Westmoreland,900.0
Grange Hill,Grange Hill,,18.37,-78.2,Westmoreland,6530.0
Gayle,Gayle,,18.33,-77.0,Saint Mary,3205.0
Islington,Islington,,18.32,-76.85,Saint Mary,2868.0
Hopewell,Hopewell,,18.25,-78.3,Hanover,4268.0
Little London,Little London,,18.3,-78.2,Westmoreland,1848.0
Lionel Town,Lionel Town,,17.8,-77.23,Clarendon,4669.0
May Pen,May Pen,,17.97,-77.24,Clarendon,45903.0
Old Harbour,Old Harbour,,17.92,-77.1,Saint Catherine,17778.0
Hope Bay,Hope Bay,,18.2,-76.57,Portland,1569.0
Lucea,Lucea,,18.44,-78.18,Hanover,6002.0
Kellits,Kellits,,18.17,-77.23,Clarendon,2291.0
Linstead,Linstead,,18.15,-77.02,Saint Catherine,14114.0
Old Harbour Bay,Old Harbour Bay,,17.9,-77.1,Saint Catherine,5405.0
Lluidas Vale,Lluidas Vale,,18.12,-77.15,Saint Catherine,2161.0
Lucky Hill,Lucky Hill,,18.3,-77.02,Saint Mary,750.0
Moneague,Moneague,,18.28,-77.1,Saint Ann,2880.0
Montego Bay,Montego Bay,,18.4666,-77.9166,Saint James,96488.0
Negril,Negril,,18.32,-78.33,Westmoreland,4184.0
Ocho Rios,Ocho Rios,,18.42,-77.11,Saint Ann,8189.0
Oracabessa,Oracabessa,,18.47,-76.93,Saint Mary,4066.0
Osbourne Store,Osbourne Store,,17.97,-77.33,Clarendon,3390.0
Petersfield,Petersfield,,18.25,-78.07,Westmoreland,2045.0
Point Hill,Point Hill,,18.08,-77.1,Saint Catherine,3651.0
Port Antonio,Port Antonio,,18.16,-76.38,Portland,13246.0
Snow Hill,Snow Hill,,18.2004437,-76.5004058,Portland,4130.0
Port Maria,Port Maria,,18.37,-76.89,Saint Mary,7651.0
Port Royal,Port Royal,,17.93,-76.85,Kingston,3004.0
Portmore,Portmore,,17.9499,-76.8799,Saint Catherine,90138.0
Race Course,Race Course,,17.83,-77.28,Clarendon,2589.0
Richmond,Richmond,,18.23,-76.9,Saint Mary,1984.0
Riversdale,Riversdale,,18.15,-76.97,Saint Catherine,2791.0
Rocky Point,Rocky Point,,17.77,-77.27,Clarendon,2744.0
Runaway Bay,Runaway Bay,,18.45,-77.33,Saint Ann,5655.0
Saint Ann's Bay,Saint Ann's Bay,,18.44,-77.22,Saint Ann,10961.0
Sandy Bay,Sandy Bay,,18.45,-78.1,Hanover,4476.0
Sanguinetti,Sanguinetti,,18.1,-77.34,Clarendon,3900.0
Santa Cruz,Santa Cruz,,18.07,-77.72,Saint Elizabeth,8144.0
Savanna-la-Mar,Savanna-la-Mar,,18.16,-77.95,Westmoreland,16553.0
Seaford Town,Seaford Town,,18.15,-77.54,Westmoreland,4108.0
Seaforth,Seaforth,,17.93,-76.45,Saint Thomas,4108.0
Siloah,Siloah,,18.17,-77.73,Saint Elizabeth,2701.0
Southfield,Southfield,,17.88,-77.67,Saint Elizabeth,2671.0
Spanish Town,Spanish Town,,17.9958,-76.9551,Saint Catherine,92383.0
Stony Hill,Stony Hill,,18.08,-76.78,Saint Andrew,8244.0
Trinity Ville,Trinity Ville,,17.95,-76.53,Saint Thomas,2614.0
Ulster Spring,Ulster Spring,,18.32,-77.52,Trelawny,1391.0
Wakefield,Wakefield,,18.42,-77.72,Trelawny,2724.0
White House,White House,,18.08,-77.97,Westmoreland,3157.0
Williamsfield,Williamsfield,,18.07,-77.48,Manchester,2800.0
Yallahs,Yallahs,,17.87,-76.57,Saint Thomas,6902.0
Grantham,Grantham,,17.9557183,-77.2405153,Clarendon,7611.0909090000005
Mineral Heights,Mineral Heights,,17.9421569,-77.2333304,Clarendon,7611.0909090000005
May Pen Proper,May Pen Proper,,17.9718957,-77.2430438,Clarendon,7611.0909090000005
Longwood,Longwood,,17.8130192,-77.2807423,Clarendon,7611.0909090000005
Copse,Copse,,17.9699234,-76.78861450000001,Hanover,3511.4
Logwood,Logwood,,18.344818300000004,-78.29798740000001,Hanover,3511.4
Cacoon,Cacoon,,18.408830399999996,-78.2025913,Hanover,3511.4
Orange Bay,Orange Bay,,18.369958399999998,-78.3145181,Hanover,3511.4
Ramble,Ramble,,18.3509957,-77.977434,Hanover,3511.4
Kingsvale,Kingsvale,,18.3864142,-78.2034633,Hanover,3511.4
Dias,Dias,,18.3982445,-78.1942034,Hanover,3511.4
Jericho,Jericho,,18.4290781,-78.1293451,Hanover,3511.4
Rock Spring,Rock Spring,,18.409796,-78.13359200000001,Hanover,3511.4
Lucea West,Lucea West,,18.450418600000003,-78.1763937,Hanover,3511.4
Askenish,Askenish,,18.3839997,-78.150467,Hanover,3511.4
Lucea East,Lucea East,,18.450418600000003,-78.1763937,Hanover,3511.4
Lances Bay,Lances Bay,,18.4451128,-78.2198442,Hanover,3511.4
Great Valley,Great Valley,,18.396561,-78.0753922,Hanover,3511.4
Cousins Cove,Cousins Cove,,18.4233505,-78.2454787,Hanover,3511.4
Success,Success,,18.3650764,-78.04706740000002,Hanover,3511.4
Santoy,Santoy,,18.3565143,-78.28605379999999,Hanover,3511.4
Cauldwell,Cauldwell,,18.389526,-78.244952,Hanover,3511.4
Mount Peto,Mount Peto,,18.3440652,-78.0171776,Hanover,3511.4
Maryland,Maryland,,18.387556399999998,-78.129812,Hanover,3511.4
Cacoon Castle,Cacoon Castle,,18.428237,-78.131552,Hanover,3511.4
Chester Castle,Chester Castle,,18.321366,-77.9702959,Hanover,3511.4
Haddington,Haddington,,18.4097707,-78.133638,Hanover,3511.4
Pondside,Pondside,,18.396561,-78.0753922,Hanover,3511.4
March Town,March Town,,18.3450397,-78.2775975,Hanover,3511.4
East Down Town,East Down Town,,17.9709915,-76.7896092,Kingston,295401.0
Denham Town,Denham Town,,18.0370515,-76.8300026,Kingston,295401.0
Central Down Town,Central Down Town,,18.017874300000003,-76.8099041,Kingston,295401.0
Passmore Town,Passmore Town,,17.9696796,-76.78125959999998,Kingston,295401.0
Rollington Town,Rollington Town,,17.9775951,-76.76972009999999,Kingston,295401.0
D'Aguilar Town/ Rennock Lodge,D'Aguilar Town/ Rennock Lodge,,17.999862,-76.817184,Kingston,295401.0
West Down Town,West Down Town,,17.9687247,-76.7884713,Kingston,295401.0
Tivoli Gardens,Tivoli Gardens,,17.9746509,-76.8007301,Kingston,295401.0
Newton Square,Newton Square,,17.9598402,-76.87722020000001,Kingston,295401.0
Kingston Gardens,Kingston Gardens,,18.024718300000004,-76.8096019,Kingston,295401.0
Bournemouth Gardens,Bournemouth Gardens,,17.9711901,-76.7610647,Kingston,295401.0
Rae Town,Rae Town,,18.017874300000003,-76.8099041,Kingston,295401.0
Allman Town,Allman Town,,17.984597,-76.787029,Kingston,295401.0
Manley Meadows,Manley Meadows,,17.9675956,-76.7685245,Kingston,295401.0
Franklyn Town,Franklyn Town,,17.9779933,-76.77549,Kingston,295401.0
Norman Gardens,Norman Gardens,,17.9797019,-76.75817940000002,Kingston,295401.0
Fletchers Land,Fletchers Land,,17.9794542,-76.7913834,Kingston,295401.0
Hatfield,Hatfield,,18.030429,-77.5361462,Manchester,9989.5
Mandeville Proper,Mandeville Proper,,18.036775,-77.505284,Manchester,9989.5
Newport,Newport,,17.92865,-77.516319,Manchester,9989.5
Knockpatrick,Knockpatrick,,17.993635100000002,-77.50747740000001,Manchester,9989.5
New Green,New Green,,18.053520000000002,-77.5107955,Manchester,9989.5
Royal Flat,Royal Flat,,18.056782000000002,-77.4716313,Manchester,9989.5
Part of Spaldings,Part of Spaldings,,18.1577304,-77.4572897,Manchester,9989.5
Central Port Antonio,Central Port Antonio,,18.1712764,-76.44763209999999,Portland,4130.0
Windsor Forest,Windsor Forest,,18.1164768,-76.3344723,Portland,4130.0
Norwich,Norwich,,18.1942695,-76.4756623,Portland,4130.0
Mona Heights,Mona Heights,,18.014149300000003,-76.7524087,Saint Andrew,5854.5
Seaward Pen,Seaward Pen,,18.021540100000003,-76.82066259999999,Saint Andrew,5854.5
Bull Bay/ Seven Mile,Bull Bay/ Seven Mile,,17.9429207,-76.6672602,Saint Andrew,5854.5
Delacree Park/ Union Gardens,Delacree Park/ Union Gardens,,17.989284100000003,-76.8172184,Saint Andrew,5854.5
University,University,,18.006013199999998,-76.7471032,Saint Andrew,5854.5
Harbour View,Harbour View,,17.952329100000004,-76.7192221,Saint Andrew,5854.5
Red Hills (Rural),Red Hills (Rural),,18.058326,-76.85372,Saint Andrew,5854.5
Norbrook,Norbrook,,18.0554552,-76.782702,Saint Andrew,5854.5
Lawrence Tavern,Lawrence Tavern,,18.1279072,-76.8464094,Saint Andrew,5854.5
Delacree Pen,Delacree Pen,,17.9954951,-76.8187557,Saint Andrew,5854.5
Greenwich Town/ Newport West,Greenwich Town/ Newport West,,17.9675704,-76.80473719999999,Saint Andrew,5854.5
Tower Hill,Tower Hill,,18.0104393,-76.829911,Saint Andrew,5854.5
Trench Town,Trench Town,,17.9857896,-76.8043355,Saint Andrew,5854.5
Waterhouse,Waterhouse,,18.028568300000003,-76.84374559999999,Saint Andrew,5854.5
Grants Pen,Grants Pen,,18.0316384,-76.79095240000001,Saint Andrew,5854.5
Whitehall,Whitehall,,18.038067,-76.8092343,Saint Andrew,5854.5
Havendale,Havendale,,18.051639399999996,-76.8115458,Saint Andrew,5854.5
Barbican,Barbican,,18.0256117,-76.7711626,Saint Andrew,5854.5
Cavaliers,Cavaliers,,18.0948578,-76.83532659999999,Saint Andrew,5854.5
Roehampton,Roehampton,,18.042897,-76.8075801,Saint Andrew,5854.5
Cross Roads,Cross Roads,,17.9928319,-76.79063470000001,Saint Andrew,5854.5
Pembroke Hall,Pembroke Hall,,18.0295934,-76.82884890000001,Saint Andrew,5854.5
Kencot,Kencot,,18.0026187,-76.7956825,Saint Andrew,5854.5
Vineyard Town,Vineyard Town,,17.9898081,-76.77837480000001,Saint Andrew,5854.5
Hope Tavern,Hope Tavern,,18.0145858,-76.74074909999999,Saint Andrew,5854.5
Drewsland,Drewsland,,18.0240752,-76.8302515,Saint Andrew,5854.5
Beverley Hills,Beverley Hills,,18.0077875,-76.76539240000001,Saint Andrew,5854.5
Patrick City,Patrick City,,18.0317407,-76.83894129999999,Saint Andrew,5854.5
Liguanea,Liguanea,,18.0147484,-76.7610647,Saint Andrew,5854.5
Hermitage,Hermitage,,17.9939663,-76.7430993,Saint Andrew,5854.5
Kintyre,Kintyre,,18.0123464,-76.7372819,Saint Andrew,5854.5
Cassia Park,Cassia Park,,18.0202884,-76.8079418,Saint Andrew,5854.5
Three Oaks/ Glendale,Three Oaks/ Glendale,,18.030894600000003,-76.8256479,Saint Andrew,5854.5
Whitfield Town,Whitfield Town,,17.994700899999998,-76.8072196,Saint Andrew,5854.5
Cherry Gardens,Cherry Gardens,,18.0434374,-76.7769324,Saint Andrew,5854.5
Half-Way-Tree,Half-Way-Tree,,18.002310100000003,-76.7920934,Saint Andrew,5854.5
Boucher Park,Boucher Park,,18.062488000000002,-76.75845699999999,Saint Andrew,5854.5
Molynes Four Roads,Molynes Four Roads,,18.0127087,-76.8016686,Saint Andrew,5854.5
Hope Pastures/ UTECH,Hope Pastures/ UTECH,,18.0186816,-76.74447359999999,Saint Andrew,5854.5
Eastwood Park Gardens,Eastwood Park Gardens,,18.0154557,-76.7984452,Saint Andrew,5854.5
August Town,August Town,,17.993023100000002,-76.7408666,Saint Andrew,5854.5
Golden Spring,Golden Spring,,18.090160100000002,-76.8014512,Saint Andrew,5854.5
Cockburn Gardens,Cockburn Gardens,,18.0117678,-76.8230815,Saint Andrew,5854.5
Molynes Gardens,Molynes Gardens,,18.0346081,-76.8173138,Saint Andrew,5854.5
Duhaney Park,Duhaney Park,,18.0296291,-76.85047440000001,Saint Andrew,5854.5
Oaklands,Oaklands,,18.0356818,-76.79604309999999,Saint Andrew,5854.5
Hughenden,Hughenden,,18.0314148,-76.81839520000001,Saint Andrew,5854.5
Marverley,Marverley,,18.014310899999998,-76.80902640000001,Saint Andrew,5854.5
Richmond Park,Richmond Park,,18.0051643,-76.8115458,Saint Andrew,5854.5
Forest Hills/ Plantation Height,Forest Hills/ Plantation Height,,18.041663,-76.856527,Saint Andrew,5854.5
Jones Town,Jones Town,,17.986068600000003,-76.7978458,Saint Andrew,5854.5
Arlene Gardens,Arlene Gardens,,18.0369734,-76.824646,Saint Andrew,5854.5
Queensborough/ Tunbridge,Queensborough/ Tunbridge,,18.040034,-76.825525,Saint Andrew,5854.5
Mountain View Gardens,Mountain View Gardens,,17.986107399999998,-76.766835,Saint Andrew,5854.5
Zaidie Gardens,Zaidie Gardens,,18.024342100000002,-76.8158718,Saint Andrew,5854.5
Trafalgar Park,Trafalgar Park,,18.011311199999998,-76.78486550000001,Saint Andrew,5854.5
Washington Gardens,Washington Gardens,,18.023422600000004,-76.844708,Saint Andrew,5854.5
Drumblair,Drumblair,,18.0263767,-76.7896877,Saint Andrew,5854.5
Waltham Gardens,Waltham Gardens,,18.01235,-76.813414,Saint Andrew,5854.5
Woodford Park,Woodford Park,,17.9848754,-76.78053840000001,Saint Andrew,5854.5
Papine,Papine,,18.0115978,-76.736538,Saint Andrew,5854.5
Bloxborough,Bloxborough,,18.059877,-76.75639699999999,Saint Andrew,5854.5
Parry Town,Parry Town,,18.3945198,-77.1095985,Saint Ann,4601.2
Discovery Bay,Discovery Bay,,18.458202,-77.39847040000001,Saint Ann,4601.2
Browns Town,Browns Town,,18.3894586,-77.3726379,Saint Ann,4601.2
Macknie,Macknie,,18.192826899999996,-77.2504835,Saint Ann,4601.2
Hinds Town,Hinds Town,,18.348784,-77.239577,Saint Ann,4601.2
Exchange,Exchange,,18.4081733,-77.0695623,Saint Ann,4601.2
Steer Town,Steer Town,,18.413122899999998,-77.16289590000001,Saint Ann,4601.2
St. Ann's Bay,St. Ann's Bay,,18.4329473,-77.19739969999999,Saint Ann,4601.2
Priory,Priory,,18.439175199999998,-77.22470809999999,Saint Ann,4601.2
Philadelphia,Philadelphia,,18.3931702,-77.3195196,Saint Ann,4601.2
York Castle,York Castle,,18.3880521,-77.3645357,Saint Ann,4601.2
Lime Hall,Lime Hall,,18.4285057,-77.2034286,Saint Ann,4601.2
Cole Gate,Cole Gate,,18.3570732,-77.0900489,Saint Ann,4601.2
Braeton,Braeton,,17.9495083,-76.8893907,Saint Catherine,22656.36364
Spanish Town Central,Spanish Town Central,,18.0193171,-76.97582740000001,Saint Catherine,22656.36364
Cromarty,Cromarty,,17.982700199999996,-76.97150699999999,Saint Catherine,22656.36364
Hellshire,Hellshire,,17.8979127,-76.8940743,Saint Catherine,22656.36364
Greater Portmore,Greater Portmore,,17.947979999999998,-76.9095647,Saint Catherine,22656.36364
Bogwalk,Bogwalk,,18.1057667,-77.00750550000001,Saint Catherine,22656.36364
Hampton Green,Hampton Green,,18.002844600000003,-76.9686267,Saint Catherine,22656.36364
Sligoville,Sligoville,,18.093398399999998,-76.9756667,Saint Catherine,22656.36364
Greendale,Greendale,,17.9962367,-76.9451717,Saint Catherine,22656.36364
Ensom,Ensom,,18.0119455,-76.96358590000001,Saint Catherine,22656.36364
Naggo Head,Naggo Head,,17.9680932,-76.88506729999999,Saint Catherine,22656.36364
Willowdene,Willowdene,,17.995106,-76.9830277,Saint Catherine,22656.36364
Golden Acres,Golden Acres,,18.022517999999998,-76.97842729999999,Saint Catherine,22656.36364
Bridgeport,Bridgeport,,17.9618897,-76.87930250000001,Saint Catherine,22656.36364
Gregory Park,Gregory Park,,17.9986932,-76.88650849999999,Saint Catherine,22656.36364
Old Harbour Road,Old Harbour Road,,17.980317899999996,-76.9989257,Saint Catherine,22656.36364
Central Village,Central Village,,18.000664,-76.9153281,Saint Catherine,22656.36364
Kitson Town,Kitson Town,,18.018147600000002,-77.0523088,Saint Catherine,22656.36364
Waterford,Waterford,,17.9874402,-76.8706548,Saint Catherine,22656.36364
Keystone,Keystone,,18.018513100000003,-76.9427006,Saint Catherine,22656.36364
St. John's East,St. John's East,,18.005143,-76.96690600000001,Saint Catherine,22656.36364
Troja,Troja,,18.208966500000002,-76.92253199999999,Saint Catherine,22656.36364
Crescent,Crescent,,18.0087965,-77.0036797,Saint Catherine,22656.36364
St. John's West,St. John's West,,18.0044324,-77.0348573,Saint Catherine,22656.36364
Cumberland,Cumberland,,17.9766103,-76.8821849,Saint Catherine,22656.36364
Passage Fort,Passage Fort,,17.9812357,-76.86488929999999,Saint Catherine,22656.36364
Edgewater,Edgewater,,17.9642027,-76.8706548,Saint Catherine,22656.36364
Independence City,Independence City,,17.9821476,-76.881187,Saint Catherine,22656.36364
Glengoffe,Glengoffe,,18.141852399999998,-76.887229,Saint Catherine,22656.36364
Treasure Beach,Treasure Beach,,17.8817491,-77.75951309999999,Saint Elizabeth,3163.8
Bigwoods,Bigwoods,,17.9370657,-77.7137306,Saint Elizabeth,3163.8
Thornton,Thornton,,18.1734634,-77.7253532,Saint Elizabeth,3163.8
Slipe,Slipe,,18.0466563,-77.78811759999999,Saint Elizabeth,3163.8
Rose Hall,Rose Hall,,17.9313337,-77.6469553,Saint Elizabeth,3163.8
Junction,Junction,,17.899982,-77.604711,Saint Elizabeth,3163.8
Pisgah,Pisgah,,18.2044462,-77.8796168,Saint Elizabeth,3163.8
Braes River,Braes River,,18.0802709,-77.647368,Saint Elizabeth,3163.8
Goshen,Goshen,,18.0788461,-77.6994197,Saint Elizabeth,3163.8
Ballards  Valley,Ballards  Valley,,17.897222199999998,-77.6130556,Saint Elizabeth,3163.8
Pedro Plains,Pedro Plains,,17.8917176,-77.7283314,Saint Elizabeth,3163.8
Watchwell,Watchwell,,17.9357048,-77.76094350000001,Saint Elizabeth,3163.8
Leeds,Leeds,,18.018348800000002,-77.69011970000001,Saint Elizabeth,3163.8
Giddy Hall,Giddy Hall,,18.1114085,-77.8608464,Saint Elizabeth,3163.8
Pepper,Pepper,,18.050307999999998,-77.6407258,Saint Elizabeth,3163.8
Middle Quarters,Middle Quarters,,18.102018100000002,-77.8338693,Saint Elizabeth,3163.8
Top Hill,Top Hill,,17.892578399999998,-77.63754159999999,Saint Elizabeth,3163.8
Lititz,Lititz,,17.9416421,-77.5805844,Saint Elizabeth,3163.8
Bull Savannah,Bull Savannah,,17.884618300000003,-77.5950623,Saint Elizabeth,3163.8
Aberdeen,Aberdeen,,18.198852,-77.7080064,Saint Elizabeth,3163.8
Red Bank,Red Bank,,17.9274272,-77.6296772,Saint Elizabeth,3163.8
Holland,Holland,,18.065620300000003,-77.7578542,Saint Elizabeth,3163.8
Brighton,Brighton,,18.094564000000002,-77.702125,Saint Elizabeth,3163.8
Hopeton,Hopeton,,17.995202,-76.92589699999999,Saint Elizabeth,3163.8
Newton,Newton,,18.100438,-77.69731800000001,Saint Elizabeth,3163.8
West Green,West Green,,18.4608841,-77.9253025,Saint James,26543.5
Catherine Hall,Catherine Hall,,18.4612361,-77.9217448,Saint James,26543.5
Rose Heights,Rose Heights,,18.4762228,-77.8938895,Saint James,26543.5
Down Town Montego Bay,Down Town Montego Bay,,18.4762228,-77.8938895,Saint James,26543.5
Brandon Hill,Brandon Hill,,18.4757728,-77.9110318,Saint James,26543.5
Orange,Orange,,18.480122899999998,-77.9227906,Saint James,26543.5
Granville,Granville,,18.4458592,-77.89817540000001,Saint James,26543.5
Bogue,Bogue,,18.441495899999996,-77.9238557,Saint James,26543.5
Pitfour,Pitfour,,18.4420027,-77.8961572,Saint James,26543.5
Norwood,Norwood,,18.4925672,-77.90276,Saint James,26543.5
Mount Salem,Mount Salem,,18.4668374,-77.9067467,Saint James,26543.5
Albion,Albion,,18.4821645,-77.918174,Saint James,26543.5
Flankers,Flankers,,18.5042233,-77.89817540000001,Saint James,26543.5
Unity Hall,Unity Hall,,18.4480705,-77.97814770000001,Saint James,26543.5
Dumfries,Dumfries,,18.4224063,-77.7652602,Saint James,26543.5
John's Hall,John's Hall,,18.4195715,-77.8524505,Saint James,26543.5
Catadupa,Catadupa,,18.279485,-77.8738864,Saint James,26543.5
Somerton,Somerton,,18.4298978,-77.78812140000001,Saint James,26543.5
Rose Mount Garden,Rose Mount Garden,,18.468335999999997,-77.89603249999999,Saint James,26543.5
Barrett Town,Barrett Town,,18.5097282,-77.8016484,Saint James,26543.5
Paradise,Paradise,,18.4760043,-77.9220316,Saint James,26543.5
Lilliput,Lilliput,,18.5123897,-77.7766767,Saint James,26543.5
Green Pond,Green Pond,,18.4715802,-77.8728147,Saint James,26543.5
Glendevon,Glendevon,,18.480285000000002,-77.9003183,Saint James,26543.5
Welcome Hall,Welcome Hall,,18.3738111,-77.843416,Saint James,26543.5
Farm Heights,Farm Heights,,18.473619600000003,-77.8874603,Saint James,26543.5
Maldon,Maldon,,18.461833300000002,-77.9188312,Saint James,26543.5
Retirement,Retirement,,18.439471700000002,-77.88960340000001,Saint James,26543.5
Porto Bello,Porto Bello,,18.4623962,-77.88106090000001,Saint James,26543.5
Tangle River,Tangle River,,18.3460785,-77.8203785,Saint James,26543.5
Flower Hill,Flower Hill,,18.494820899999997,-77.8487295,Saint James,26543.5
Salt Spring,Salt Spring,,18.479235100000004,-77.8988197,Saint James,26543.5
Rosemount,Rosemount,,18.474375199999997,-77.89884190000001,Saint James,26543.5
Niagara,Niagara,,18.2795826,-77.83322629999999,Saint James,26543.5
Coral Gardens,Coral Gardens,,18.5101818,-77.8638067,Saint James,26543.5
Tucker,Tucker,,18.4507129,-77.886892,Saint James,26543.5
Ironshore,Ironshore,,18.5073962,-77.89673690000001,Saint James,26543.5
Adelphi,Adelphi,,18.448151,-77.79126,Saint James,26543.5
Montpelier,Montpelier,,18.362896399999997,-77.9238872,Saint James,26543.5
Summer Hill,Summer Hill,,18.5172806,-77.83891700000001,Saint James,26543.5
Mount Carey,Mount Carey,,18.386785,-77.9324565,Saint James,26543.5
Reading,Reading,,18.440040300000003,-77.9438811,Saint James,26543.5
Irwin,Irwin,,18.462051199999998,-77.91793009999999,Saint James,26543.5
Spot Valley,Spot Valley,,18.496956,-77.79381109999999,Saint James,26543.5
Catherine Mount,Catherine Mount,,18.464326899999996,-77.9017468,Saint James,26543.5
Friendship,Friendship,,18.474764,-77.917934,Saint James,26543.5
Montego Hill,Montego Hill,,18.4897618,-77.8888891,Saint James,26543.5
Flamstead,Flamstead,,18.3252469,-77.8221407,Saint James,26543.5
Tower Hill/Moy Hall,Tower Hill/Moy Hall,,18.412888,-77.861743,Saint James,26543.5
Castleton,Castleton,,18.2015068,-76.8252443,Saint Mary,3841.666667
Galina,Galina,,18.4047296,-76.893714,Saint Mary,3841.666667
Enfield,Enfield,,18.2326288,-76.74146400000001,Saint Mary,3841.666667
Guys Hill,Guys Hill,,18.249975699999997,-76.9902276,Saint Mary,3841.666667
Martin,Martin,,18.2838807,-76.8706548,Saint Mary,3841.666667
Epson,Epson,,18.249114600000002,-76.7266503,Saint Mary,3841.666667
Baileys Vale,Baileys Vale,,18.351525199999998,-76.90603890000001,Saint Mary,3841.666667
Clonmel,Clonmel,,18.242302300000002,-76.8500838,Saint Mary,3841.666667
Font Hill,Font Hill,,17.9374168,-76.5054652,Saint Thomas,4157.25
Duckenfield,Duckenfield,,17.9215181,-76.2609463,Saint Thomas,4157.25
Church Corner,Church Corner,,17.886246,-76.4172594,Saint Thomas,4157.25
Port Morant,Port Morant,,17.8961425,-76.331889,Saint Thomas,4157.25
White Horses,White Horses,,17.881546,-76.4534165,Saint Thomas,4157.25
Retreat,Retreat,,17.8750969,-76.3734985,Saint Thomas,4157.25
Wilmington,Wilmington,,18.408328,-77.856936,Saint Thomas,4157.25
Barking Lodge,Barking Lodge,,17.892805600000003,-76.2844079,Saint Thomas,4157.25
Amity Hall,Amity Hall,,17.9558605,-76.24972240000001,Saint Thomas,4157.25
Salt Marsh,Salt Marsh,,18.4944908,-77.70371309999999,Trelawny,2977.857143
Bounty Hall,Bounty Hall,,18.4518582,-77.7085247,Trelawny,2977.857143
Clarks Town,Clarks Town,,18.4153066,-77.5418791,Trelawny,2977.857143
Deeside,Deeside,,18.370507999999997,-77.609482,Trelawny,2977.857143
Bunkers Hill,Bunkers Hill,,18.1925,-76.9225,Trelawny,2977.857143
Alps,Alps,,18.335778100000002,-77.51427199999999,Trelawny,2977.857143
Duanvale,Duanvale,,18.4056917,-77.5948946,Trelawny,2977.857143
Kinloss,Kinloss,,18.403422600000003,-77.560509,Trelawny,2977.857143
Martha Brae,Martha Brae,,18.4704799,-77.6600552,Trelawny,2977.857143
Sherwood Content,Sherwood Content,,18.3907938,-77.627018,Trelawny,2977.857143
Samuels Prospect,Samuels Prospect,,18.371810999999997,-77.608795,Trelawny,2977.857143
Daniel Town,Daniel Town,,18.4567641,-77.6178125,Trelawny,2977.857143
Jackson Town,Jackson Town,,18.4126718,-77.4802353,Trelawny,2977.857143
Spicy Hill,Spicy Hill,,18.458508600000002,-77.5449371,Trelawny,2977.857143
Hampden,Hampden,,18.440133300000003,-77.7452445,Trelawny,2977.857143
Orange Hill,Orange Hill,,18.263333300000003,-77.9897222,Westmoreland,4190.181818
Jerusalem,Jerusalem,,18.326958899999997,-78.2305758,Westmoreland,4190.181818
Burnt Savannah,Burnt Savannah,,18.3166667,-78.1,Westmoreland,4190.181818
Haddo,Haddo,,18.2925319,-78.02167920000001,Westmoreland,4190.181818
Savannah-la-mar Business Dist.,Savannah-la-mar Business Dist.,,18.2259951,-78.1308761,Westmoreland,4190.181818
Smithfield,Smithfield,,18.221877199999998,-78.10779670000001,Westmoreland,4190.181818
Georges Plain,Georges Plain,,18.278954199999998,-78.1421905,Westmoreland,4190.181818
Fort Williams,Fort Williams,,18.3055556,-78.0658333,Westmoreland,4190.181818
Paul Island,Paul Island,,18.2850216,-78.2528652,Westmoreland,4190.181818
Town Head,Town Head,,18.319454800000003,-78.1396496,Westmoreland,4190.181818
Hertford,Hertford,,18.2582307,-78.0908651,Westmoreland,4190.181818
Shefield,Shefield,,18.2775801,-78.30457679999999,Westmoreland,4190.181818
Truro,Truro,,18.3089722,-78.1504116,Westmoreland,4190.181818
Strathbogie,Strathbogie,,18.305557,-78.156917,Westmoreland,4190.181818
Llandilo,Llandilo,,18.229494600000002,-78.14165600000001,Westmoreland,4190.181818
Cave,Cave,,18.207138399999998,-78.04379499999999,Westmoreland,4190.181818
Mount Airy,Mount Airy,,18.251213699999997,-78.32849190000002,Westmoreland,4190.181818
Delveland,Delveland,,18.2753015,-78.2377205,Westmoreland,4190.181818
Mackfield,Mackfield,,18.312728,-78.15554399999999,Westmoreland,4190.181818
Gooden's River,Gooden's River,,18.31338,-78.15897700000001,Westmoreland,4190.181818
Chantilly,Chantilly,,18.312728,-78.15485699999999,Westmoreland,4190.181818
Whithorn,Whithorn,,18.2798539,-78.0288139,Westmoreland,4190.181818
Broughton,Broughton,,18.2273009,-78.2251136,Westmoreland,4190.181818
Whitehouse,Whitehouse,,18.0943972,-77.9667267,Westmoreland,4190.181818
Mount Stewart,Mount Stewart,,18.2983206,-77.99516559999999,Westmoreland,4190.181818
Seaton Crescent,Seaton Crescent,,18.2281151,-78.13548709999999,Westmoreland,4190.181818
Three Mile River,Three Mile River,,18.2598908,-78.13581740000001,Westmoreland,4190.181818
Cornwall Mountian,Cornwall Mountian,,18.2914145,-77.9888917,Westmoreland,4190.181818
Fullersfield,Fullersfield,,18.2871307,-78.19900990000001,Westmoreland,4190.181818
